Username,Goals,Assists,Saves,Shots,MVPs,Wins,Score
more,45,34,89,123,43,99,1.77417
tempy,46,25,180,80,12,158,1.99881
zen,43,100,25,158,75,89,2.09995
